{
  "baseline": {
    "phase": "1",
    "timestamp": 1772188949.2500415,
    "task_metrics": {
      "avg_latency_ms": 105.4842060059309,
      "min_latency_ms": 95.66270001232624,
      "max_latency_ms": 161.42080002464354,
      "p50_latency_ms": 104.14599999785423,
      "p95_latency_ms": 119.08370000310242,
      "total_tasks": 200,
      "total_time_s": 21.09718589996919,
      "tasks_per_second": 9.47993732189145
    },
    "memory_metrics": {
      "before_mb": 25.08984375,
      "after_mb": 25.73046875,
      "delta_mb": 0.640625,
      "rss_mb": 25.73046875
    },
    "event_metrics": {
      "throughput_events_per_sec": 46.725093561412,
      "total_events": 1000,
      "duration_s": 21.40177630004473
    },
    "scheduler_metrics": {
      "tasks_scheduled": 50,
      "duration_s": 0.3158271999564022,
      "tasks_per_second": 158.31442005914045
    },
    "cpu_metrics": {
      "cpu_percent": 0.0
    },
    "evaluation_metrics": {
      "task_count": 200.0,
      "success_rate": 1.0,
      "avg_steps": 1.0,
      "tool_success_rate": 1.0,
      "avg_cpu_time_ms": 71.955,
      "total_tokens": 0.0
    }
  },
  "phase1_local": {
    "phase": "1_local",
    "timestamp": 1772196283.0570323,
    "task_metrics": {
      "avg_latency_ms": 77.40934700006619,
      "min_latency_ms": 69.53369989059865,
      "max_latency_ms": 102.96419984661043,
      "p50_latency_ms": 75.61869989149272,
      "p95_latency_ms": 92.23930002190173,
      "total_tasks": 100,
      "total_time_s": 7.741086799884215,
      "tasks_per_second": 12.918082768623098
    },
    "memory_metrics": {
      "before_mb": 33.35546875,
      "after_mb": 33.96484375,
      "delta_mb": 0.609375,
      "rss_mb": 33.96484375
    },
    "event_metrics": {
      "throughput_events_per_sec": 61.49141927778739,
      "total_events": 1000,
      "duration_s": 16.262431600131094
    },
    "scheduler_metrics": {
      "tasks_scheduled": 50,
      "duration_s": 0.31560370000079274,
      "tasks_per_second": 158.42653302187017
    },
    "cpu_metrics": {
      "cpu_percent": 0.0
    },
    "evaluation_metrics": {
      "task_count": 100.0,
      "success_rate": 1.0,
      "avg_steps": 1.0,
      "tool_success_rate": 1.0,
      "avg_cpu_time_ms": 47.45,
      "total_tokens": 0.0
    }
  },
  "phase2": {
    "phase": "2",
    "timestamp": 1772196306.366817,
    "task_metrics": {
      "avg_latency_ms": 71.05907201534137,
      "min_latency_ms": 66.11820007674396,
      "max_latency_ms": 83.93720001913607,
      "p50_latency_ms": 71.04760012589395,
      "p95_latency_ms": 75.12570009566844,
      "total_tasks": 100,
      "total_time_s": 7.106101599987596,
      "tasks_per_second": 14.072413487611062,
      "working_time_ms": 1.4962004497647285,
      "episodic_time_ms": 19.467398058623075,
      "executor_time_ms": 7084.133400814608
    },
    "memory_metrics": {
      "before_mb": 33.81640625,
      "after_mb": 34.6484375,
      "delta_mb": 0.83203125,
      "rss_mb": 34.6484375
    },
    "event_metrics": {
      "throughput_events_per_sec": 63.42025203532078,
      "total_events": 1000,
      "duration_s": 15.767833900172263
    },
    "scheduler_metrics": {
      "tasks_scheduled": 50,
      "duration_s": 0.3145354001317173,
      "tasks_per_second": 158.96461886026694
    },
    "cpu_metrics": {
      "cpu_percent": 0.0
    },
    "evaluation_metrics": {
      "task_count": 100.0,
      "success_rate": 1.0,
      "avg_steps": 1.0,
      "tool_success_rate": 1.0,
      "avg_cpu_time_ms": 41.94,
      "total_tokens": 0.0
    },
    "memory_entries": 100
  },
  "regression": {
    "latency_pct": -32.64,
    "memory_pct": 29.88,
    "local_latency_pct": -8.2
  },
  "thresholds": {
    "latency_limit_pct": 5,
    "latency_pass": true,
    "memory_limit_pct": 10,
    "memory_pass": false
  },
  "timestamp": "2026-02-27T12:45:06.370156+00:00"
}