{
  "baseline": {
    "phase": "1",
    "timestamp": 1772188949.2500415,
    "task_metrics": {
      "avg_latency_ms": 105.4842060059309,
      "min_latency_ms": 95.66270001232624,
      "max_latency_ms": 161.42080002464354,
      "p50_latency_ms": 104.14599999785423,
      "p95_latency_ms": 119.08370000310242,
      "total_tasks": 200,
      "total_time_s": 21.09718589996919,
      "tasks_per_second": 9.47993732189145
    },
    "memory_metrics": {
      "before_mb": 25.08984375,
      "after_mb": 25.73046875,
      "delta_mb": 0.640625,
      "rss_mb": 25.73046875
    },
    "event_metrics": {
      "throughput_events_per_sec": 46.725093561412,
      "total_events": 1000,
      "duration_s": 21.40177630004473
    },
    "scheduler_metrics": {
      "tasks_scheduled": 50,
      "duration_s": 0.3158271999564022,
      "tasks_per_second": 158.31442005914045
    },
    "cpu_metrics": {
      "cpu_percent": 0.0
    },
    "evaluation_metrics": {
      "task_count": 200.0,
      "success_rate": 1.0,
      "avg_steps": 1.0,
      "tool_success_rate": 1.0,
      "avg_cpu_time_ms": 71.955,
      "total_tokens": 0.0
    }
  },
  "phase1_local": {
    "phase": "1_local",
    "timestamp": 1772191210.1321907,
    "task_metrics": {
      "avg_latency_ms": 61.73215200426057,
      "min_latency_ms": 50.99119991064072,
      "max_latency_ms": 68.16430017352104,
      "p50_latency_ms": 61.377699952572584,
      "p95_latency_ms": 65.19609992392361,
      "total_tasks": 100,
      "total_time_s": 6.173357099993154,
      "tasks_per_second": 16.19864174066828
    },
    "memory_metrics": {
      "before_mb": 33.2578125,
      "after_mb": 33.8125,
      "delta_mb": 0.5546875,
      "rss_mb": 33.8125
    },
    "event_metrics": {
      "throughput_events_per_sec": 79.40253089209126,
      "total_events": 1000,
      "duration_s": 12.594057000009343
    },
    "scheduler_metrics": {
      "tasks_scheduled": 50,
      "duration_s": 0.29909899993799627,
      "tasks_per_second": 167.16873012067938
    },
    "cpu_metrics": {
      "cpu_percent": 0.0
    },
    "evaluation_metrics": {
      "task_count": 100.0,
      "success_rate": 1.0,
      "avg_steps": 1.0,
      "tool_success_rate": 1.0,
      "avg_cpu_time_ms": 38.79,
      "total_tokens": 0.0
    }
  },
  "phase2": {
    "phase": "2",
    "timestamp": 1772191228.9819818,
    "task_metrics": {
      "avg_latency_ms": 58.697826000861824,
      "min_latency_ms": 48.27280016615987,
      "max_latency_ms": 63.71599994599819,
      "p50_latency_ms": 58.6777999997139,
      "p95_latency_ms": 60.86259987205267,
      "total_tasks": 100,
      "total_time_s": 5.869951199973002,
      "tasks_per_second": 17.03591675522957,
      "working_time_ms": 1.245399471372366,
      "episodic_time_ms": 15.5302993953228,
      "executor_time_ms": 5852.238899329677
    },
    "memory_metrics": {
      "before_mb": 33.83203125,
      "after_mb": 34.30859375,
      "delta_mb": 0.4765625,
      "rss_mb": 34.30859375
    },
    "event_metrics": {
      "throughput_events_per_sec": 79.62515344267202,
      "total_events": 1000,
      "duration_s": 12.558845499996096
    },
    "scheduler_metrics": {
      "tasks_scheduled": 50,
      "duration_s": 0.30127239995636046,
      "tasks_per_second": 165.9627632907712
    },
    "cpu_metrics": {
      "cpu_percent": 0.0
    },
    "evaluation_metrics": {
      "task_count": 100.0,
      "success_rate": 1.0,
      "avg_steps": 1.0,
      "tool_success_rate": 1.0,
      "avg_cpu_time_ms": 35.92,
      "total_tokens": 0.0
    },
    "memory_entries": 100
  },
  "regression": {
    "latency_pct": -44.35,
    "memory_pct": -25.61,
    "local_latency_pct": -4.92
  },
  "thresholds": {
    "latency_limit_pct": 5,
    "latency_pass": true,
    "memory_limit_pct": 10,
    "memory_pass": true
  },
  "timestamp": "2026-02-27T11:20:28.984551+00:00"
}